Team,Conference,Scores Source,Roster Source,Profile Photos,Player Stats Source,Team Stats Source,Schedule Source,Standings Source,Conference Data Source,Has Sidearm Roster,Has Static Roster,Has SEC WMT Stats,Has Conference Schedule Scraper,Has Conference Standings Scraper,Notes
A&M-Corpus Christi,Southland,ESPN,ESPN only,ESPN,NCAA leaderboards,NCAA leaderboards,ESPN,NCAA scoreboard aggregation,_conferences.js (NCAA spreadsheet),No,No,No,No,No,
Abilene Christian,WAC,ESPN,ESPN only,ESPN,NCAA leaderboards,NCAA leaderboards,ESPN,NCAA scoreboard aggregation,_conferences.js (NCAA spreadsheet),No,No,No,No,No,
Akron,MAC,ESPN,ESPN only,ESPN,NCAA leaderboards,NCAA leaderboards,ESPN,NCAA scoreboard aggregation,_conferences.js (NCAA spreadsheet),No,No,No,No,No,
Alabama,SEC,ESPN,Sidearm API,Sidearm + ESPN,NCAA leaderboards + SEC WMT (full roster stats),NCAA leaderboards + SEC WMT (full roster stats),SEC scraper + ESPN,SEC scraper,_conferences.js (NCAA spreadsheet),Yes,No,Yes,Yes,Yes,Full individual stats via SEC WMT feed
Alabama A&M,SWAC,ESPN,ESPN only,ESPN,NCAA leaderboards,NCAA leaderboards,ESPN,NCAA scoreboard aggregation,_conferences.js (NCAA spreadsheet),No,No,No,No,No,
Alabama St.,SWAC,ESPN,ESPN only,ESPN,NCAA leaderboards,NCAA leaderboards,ESPN,NCAA scoreboard aggregation,_conferences.js (NCAA spreadsheet),No,No,No,No,No,
Alcorn,SWAC,ESPN,ESPN only,ESPN,NCAA leaderboards,NCAA leaderboards,ESPN,NCAA scoreboard aggregation,_conferences.js (NCAA spreadsheet),No,No,No,No,No,
App State,Sun Belt,ESPN,ESPN only,ESPN,NCAA leaderboards,NCAA leaderboards,ESPN,NCAA scoreboard aggregation,_conferences.js (NCAA spreadsheet),No,No,No,No,No,
Arizona,Big 12,ESPN,WMT Digital (no API),ESPN,NCAA leaderboards,NCAA leaderboards,Big 12 scraper + ESPN,Big 12 scraper,_conferences.js (NCAA spreadsheet),No,No,No,Yes,Yes,WMT Digital — no server-side roster API
Arizona St.,Big 12,ESPN,ESPN only,ESPN,NCAA leaderboards,NCAA leaderboards,Big 12 scraper + ESPN,Big 12 scraper,_conferences.js (NCAA spreadsheet),No,No,No,Yes,Yes,
Ark.-Pine Bluff,SWAC,ESPN,ESPN only,ESPN,NCAA leaderboards,NCAA leaderboards,ESPN,NCAA scoreboard aggregation,_conferences.js (NCAA spreadsheet),No,No,No,No,No,
Arkansas,SEC,ESPN,WMT Digital (no API),ESPN,NCAA leaderboards + SEC WMT (full roster stats),NCAA leaderboards + SEC WMT (full roster stats),SEC scraper + ESPN,SEC scraper,_conferences.js (NCAA spreadsheet),No,No,Yes,Yes,Yes,WMT Digital — no server-side roster API; Full individual stats via SEC WMT feed
Army West Point,Patriot,ESPN,ESPN only,ESPN,NCAA leaderboards,NCAA leaderboards,ESPN,NCAA scoreboard aggregation,_conferences.js (NCAA spreadsheet),No,No,No,No,No,
Auburn,SEC,ESPN,WMT Digital (no API),ESPN,NCAA leaderboards + SEC WMT (full roster stats),NCAA leaderboards + SEC WMT (full roster stats),SEC scraper + ESPN,SEC scraper,_conferences.js (NCAA spreadsheet),No,No,Yes,Yes,Yes,WMT Digital — no server-side roster API; Full individual stats via SEC WMT feed
Austin Peay,ASUN,ESPN,ESPN only,ESPN,NCAA leaderboards,NCAA leaderboards,ESPN,NCAA scoreboard aggregation,_conferences.js (NCAA spreadsheet),No,No,No,No,No,
Ball St.,MAC,ESPN,ESPN only,ESPN,NCAA leaderboards,NCAA leaderboards,ESPN,NCAA scoreboard aggregation,_conferences.js (NCAA spreadsheet),No,No,No,No,No,
Baylor,Big 12,ESPN,Sidearm API,Sidearm + ESPN,NCAA leaderboards,NCAA leaderboards,Big 12 scraper + ESPN,Big 12 scraper,_conferences.js (NCAA spreadsheet),Yes,No,No,Yes,Yes,
Bellarmine,ASUN,ESPN,ESPN only,ESPN,NCAA leaderboards,NCAA leaderboards,ESPN,NCAA scoreboard aggregation,_conferences.js (NCAA spreadsheet),No,No,No,No,No,
Belmont,MVC,ESPN,ESPN only,ESPN,NCAA leaderboards,NCAA leaderboards,ESPN,NCAA scoreboard aggregation,_conferences.js (NCAA spreadsheet),No,No,No,No,No,
Bethune-Cookman,SWAC,ESPN,ESPN only,ESPN,NCAA leaderboards,NCAA leaderboards,ESPN,NCAA scoreboard aggregation,_conferences.js (NCAA spreadsheet),No,No,No,No,No,
Binghamton,America East,ESPN,ESPN only,ESPN,NCAA leaderboards,NCAA leaderboards,ESPN,NCAA scoreboard aggregation,_conferences.js (NCAA spreadsheet),No,No,No,No,No,
Boise St.,Mountain West,ESPN,Sidearm API,Sidearm + ESPN,NCAA leaderboards,NCAA leaderboards,Mountain West scraper + ESPN,Mountain West scraper,_conferences.js (NCAA spreadsheet),Yes,No,No,Yes,Yes,
Boston College,ACC,ESPN,Sidearm API,Sidearm + ESPN,NCAA leaderboards,NCAA leaderboards,ACC scraper + ESPN,ACC scraper,_conferences.js (NCAA spreadsheet),Yes,No,No,Yes,Yes,
Boston U.,Patriot,ESPN,ESPN only,ESPN,NCAA leaderboards,NCAA leaderboards,ESPN,NCAA scoreboard aggregation,_conferences.js (NCAA spreadsheet),No,No,No,No,No,
Bowling Green,MAC,ESPN,ESPN only,ESPN,NCAA leaderboards,NCAA leaderboards,ESPN,NCAA scoreboard aggregation,_conferences.js (NCAA spreadsheet),No,No,No,No,No,
Bradley,MVC,ESPN,ESPN only,ESPN,NCAA leaderboards,NCAA leaderboards,ESPN,NCAA scoreboard aggregation,_conferences.js (NCAA spreadsheet),No,No,No,No,No,
Brown,Ivy League,ESPN,ESPN only,ESPN,NCAA leaderboards,NCAA leaderboards,ESPN,NCAA scoreboard aggregation,_conferences.js (NCAA spreadsheet),No,No,No,No,No,
Bryant,America East,ESPN,ESPN only,ESPN,NCAA leaderboards,NCAA leaderboards,ESPN,NCAA scoreboard aggregation,_conferences.js (NCAA spreadsheet),No,No,No,No,No,
Bucknell,Patriot,ESPN,ESPN only,ESPN,NCAA leaderboards,NCAA leaderboards,ESPN,NCAA scoreboard aggregation,_conferences.js (NCAA spreadsheet),No,No,No,No,No,
Buffalo,MAC,ESPN,ESPN only,ESPN,NCAA leaderboards,NCAA leaderboards,ESPN,NCAA scoreboard aggregation,_conferences.js (NCAA spreadsheet),No,No,No,No,No,
Butler,Big East,ESPN,ESPN only,ESPN,NCAA leaderboards,NCAA leaderboards,ESPN,NCAA scoreboard aggregation,_conferences.js (NCAA spreadsheet),No,No,No,No,No,
BYU,Big 12,ESPN,ESPN only,ESPN,NCAA leaderboards,NCAA leaderboards,Big 12 scraper + ESPN,Big 12 scraper,_conferences.js (NCAA spreadsheet),No,No,No,Yes,Yes,
Cal Poly,Big West,ESPN,ESPN only,ESPN,NCAA leaderboards,NCAA leaderboards,ESPN,NCAA scoreboard aggregation,_conferences.js (NCAA spreadsheet),No,No,No,No,No,
Cal St. Fullerton,Big West,ESPN,ESPN only,ESPN,NCAA leaderboards,NCAA leaderboards,ESPN,NCAA scoreboard aggregation,_conferences.js (NCAA spreadsheet),No,No,No,No,No,
California,ACC,ESPN,WMT Digital (no API),ESPN,NCAA leaderboards,NCAA leaderboards,ACC scraper + ESPN,ACC scraper,_conferences.js (NCAA spreadsheet),No,No,No,Yes,Yes,WMT Digital — no server-side roster API
California Baptist,WAC,ESPN,ESPN only,ESPN,NCAA leaderboards,NCAA leaderboards,ESPN,NCAA scoreboard aggregation,_conferences.js (NCAA spreadsheet),No,No,No,No,No,
Campbell,CAA,ESPN,ESPN only,ESPN,NCAA leaderboards,NCAA leaderboards,ESPN,NCAA scoreboard aggregation,_conferences.js (NCAA spreadsheet),No,No,No,No,No,
Canisius,MAAC,ESPN,ESPN only,ESPN,NCAA leaderboards,NCAA leaderboards,ESPN,NCAA scoreboard aggregation,_conferences.js (NCAA spreadsheet),No,No,No,No,No,
Central Ark.,ASUN,ESPN,ESPN only,ESPN,NCAA leaderboards,NCAA leaderboards,ESPN,NCAA scoreboard aggregation,_conferences.js (NCAA spreadsheet),No,No,No,No,No,
Central Conn. St.,NEC,ESPN,ESPN only,ESPN,NCAA leaderboards,NCAA leaderboards,ESPN,NCAA scoreboard aggregation,_conferences.js (NCAA spreadsheet),No,No,No,No,No,
Central Mich.,MAC,ESPN,ESPN only,ESPN,NCAA leaderboards,NCAA leaderboards,ESPN,NCAA scoreboard aggregation,_conferences.js (NCAA spreadsheet),No,No,No,No,No,
Charleston So.,Big South,ESPN,ESPN only,ESPN,NCAA leaderboards,NCAA leaderboards,ESPN,NCAA scoreboard aggregation,_conferences.js (NCAA spreadsheet),No,No,No,No,No,
Charlotte,American,ESPN,ESPN only,ESPN,NCAA leaderboards,NCAA leaderboards,ESPN,NCAA scoreboard aggregation,_conferences.js (NCAA spreadsheet),No,No,No,No,No,
Chattanooga,SoCon,ESPN,ESPN only,ESPN,NCAA leaderboards,NCAA leaderboards,ESPN,NCAA scoreboard aggregation,_conferences.js (NCAA spreadsheet),No,No,No,No,No,
Clemson,ACC,ESPN,ESPN only,ESPN,NCAA leaderboards,NCAA leaderboards,ACC scraper + ESPN,ACC scraper,_conferences.js (NCAA spreadsheet),No,No,No,Yes,Yes,
Coastal Carolina,Sun Belt,ESPN,ESPN only,ESPN,NCAA leaderboards,NCAA leaderboards,ESPN,NCAA scoreboard aggregation,_conferences.js (NCAA spreadsheet),No,No,No,No,No,
Col. of Charleston,CAA,ESPN,ESPN only,ESPN,NCAA leaderboards,NCAA leaderboards,ESPN,NCAA scoreboard aggregation,_conferences.js (NCAA spreadsheet),No,No,No,No,No,
Colgate,Patriot,ESPN,ESPN only,ESPN,NCAA leaderboards,NCAA leaderboards,ESPN,NCAA scoreboard aggregation,_conferences.js (NCAA spreadsheet),No,No,No,No,No,
Colorado St.,Mountain West,ESPN,Sidearm API,Sidearm + ESPN,NCAA leaderboards,NCAA leaderboards,Mountain West scraper + ESPN,Mountain West scraper,_conferences.js (NCAA spreadsheet),Yes,No,No,Yes,Yes,
Columbia,Ivy League,ESPN,ESPN only,ESPN,NCAA leaderboards,NCAA leaderboards,ESPN,NCAA scoreboard aggregation,_conferences.js (NCAA spreadsheet),No,No,No,No,No,
Coppin St.,MEAC,ESPN,ESPN only,ESPN,NCAA leaderboards,NCAA leaderboards,ESPN,NCAA scoreboard aggregation,_conferences.js (NCAA spreadsheet),No,No,No,No,No,
Cornell,Ivy League,ESPN,ESPN only,ESPN,NCAA leaderboards,NCAA leaderboards,ESPN,NCAA scoreboard aggregation,_conferences.js (NCAA spreadsheet),No,No,No,No,No,
Creighton,Big East,ESPN,ESPN only,ESPN,NCAA leaderboards,NCAA leaderboards,ESPN,NCAA scoreboard aggregation,_conferences.js (NCAA spreadsheet),No,No,No,No,No,
CSU Bakersfield,Big West,ESPN,ESPN only,ESPN,NCAA leaderboards,NCAA leaderboards,ESPN,NCAA scoreboard aggregation,_conferences.js (NCAA spreadsheet),No,No,No,No,No,
CSUN,Big West,ESPN,ESPN only,ESPN,NCAA leaderboards,NCAA leaderboards,ESPN,NCAA scoreboard aggregation,_conferences.js (NCAA spreadsheet),No,No,No,No,No,
Dartmouth,Ivy League,ESPN,ESPN only,ESPN,NCAA leaderboards,NCAA leaderboards,ESPN,NCAA scoreboard aggregation,_conferences.js (NCAA spreadsheet),No,No,No,No,No,
Dayton,Atlantic 10,ESPN,ESPN only,ESPN,NCAA leaderboards,NCAA leaderboards,ESPN,NCAA scoreboard aggregation,_conferences.js (NCAA spreadsheet),No,No,No,No,No,
Delaware,CUSA,ESPN,ESPN only,ESPN,NCAA leaderboards,NCAA leaderboards,ESPN,NCAA scoreboard aggregation,_conferences.js (NCAA spreadsheet),No,No,No,No,No,
Delaware St.,MEAC,ESPN,ESPN only,ESPN,NCAA leaderboards,NCAA leaderboards,ESPN,NCAA scoreboard aggregation,_conferences.js (NCAA spreadsheet),No,No,No,No,No,
DePaul,Big East,ESPN,ESPN only,ESPN,NCAA leaderboards,NCAA leaderboards,ESPN,NCAA scoreboard aggregation,_conferences.js (NCAA spreadsheet),No,No,No,No,No,
Detroit Mercy,Horizon,ESPN,ESPN only,ESPN,NCAA leaderboards,NCAA leaderboards,ESPN,NCAA scoreboard aggregation,_conferences.js (NCAA spreadsheet),No,No,No,No,No,
Drake,MVC,ESPN,ESPN only,ESPN,NCAA leaderboards,NCAA leaderboards,ESPN,NCAA scoreboard aggregation,_conferences.js (NCAA spreadsheet),No,No,No,No,No,
Drexel,CAA,ESPN,ESPN only,ESPN,NCAA leaderboards,NCAA leaderboards,ESPN,NCAA scoreboard aggregation,_conferences.js (NCAA spreadsheet),No,No,No,No,No,
Duke,ACC,ESPN,Sidearm API,Sidearm + ESPN,NCAA leaderboards,NCAA leaderboards,ACC scraper + ESPN,ACC scraper,_conferences.js (NCAA spreadsheet),Yes,No,No,Yes,Yes,
East Carolina,American,ESPN,ESPN only,ESPN,NCAA leaderboards,NCAA leaderboards,ESPN,NCAA scoreboard aggregation,_conferences.js (NCAA spreadsheet),No,No,No,No,No,
East Texas A&M,Southland,ESPN,ESPN only,ESPN,NCAA leaderboards,NCAA leaderboards,ESPN,NCAA scoreboard aggregation,_conferences.js (NCAA spreadsheet),No,No,No,No,No,
Eastern Ill.,OVC,ESPN,ESPN only,ESPN,NCAA leaderboards,NCAA leaderboards,ESPN,NCAA scoreboard aggregation,_conferences.js (NCAA spreadsheet),No,No,No,No,No,
Eastern Ky.,ASUN,ESPN,ESPN only,ESPN,NCAA leaderboards,NCAA leaderboards,ESPN,NCAA scoreboard aggregation,_conferences.js (NCAA spreadsheet),No,No,No,No,No,
Elon,CAA,ESPN,ESPN only,ESPN,NCAA leaderboards,NCAA leaderboards,ESPN,NCAA scoreboard aggregation,_conferences.js (NCAA spreadsheet),No,No,No,No,No,
ETSU,SoCon,ESPN,ESPN only,ESPN,NCAA leaderboards,NCAA leaderboards,ESPN,NCAA scoreboard aggregation,_conferences.js (NCAA spreadsheet),No,No,No,No,No,
Evansville,MVC,ESPN,ESPN only,ESPN,NCAA leaderboards,NCAA leaderboards,ESPN,NCAA scoreboard aggregation,_conferences.js (NCAA spreadsheet),No,No,No,No,No,
Fairfield,MAAC,ESPN,ESPN only,ESPN,NCAA leaderboards,NCAA leaderboards,ESPN,NCAA scoreboard aggregation,_conferences.js (NCAA spreadsheet),No,No,No,No,No,
FDU,NEC,ESPN,ESPN only,ESPN,NCAA leaderboards,NCAA leaderboards,ESPN,NCAA scoreboard aggregation,_conferences.js (NCAA spreadsheet),No,No,No,No,No,
FGCU,ASUN,ESPN,ESPN only,ESPN,NCAA leaderboards,NCAA leaderboards,ESPN,NCAA scoreboard aggregation,_conferences.js (NCAA spreadsheet),No,No,No,No,No,
FIU,CUSA,ESPN,ESPN only,ESPN,NCAA leaderboards,NCAA leaderboards,ESPN,NCAA scoreboard aggregation,_conferences.js (NCAA spreadsheet),No,No,No,No,No,
Fla. Atlantic,American,ESPN,ESPN only,ESPN,NCAA leaderboards,NCAA leaderboards,ESPN,NCAA scoreboard aggregation,_conferences.js (NCAA spreadsheet),No,No,No,No,No,
Florida,SEC,ESPN,Sidearm API,Sidearm + ESPN,NCAA leaderboards + SEC WMT (full roster stats),NCAA leaderboards + SEC WMT (full roster stats),SEC scraper + ESPN,SEC scraper,_conferences.js (NCAA spreadsheet),Yes,No,Yes,Yes,Yes,Full individual stats via SEC WMT feed
Florida A&M,SWAC,ESPN,ESPN only,ESPN,NCAA leaderboards,NCAA leaderboards,ESPN,NCAA scoreboard aggregation,_conferences.js (NCAA spreadsheet),No,No,No,No,No,
Florida St.,ACC,ESPN,Sidearm API,Sidearm + ESPN,NCAA leaderboards,NCAA leaderboards,ACC scraper + ESPN,ACC scraper,_conferences.js (NCAA spreadsheet),Yes,No,No,Yes,Yes,
Fordham,Atlantic 10,ESPN,ESPN only,ESPN,NCAA leaderboards,NCAA leaderboards,ESPN,NCAA scoreboard aggregation,_conferences.js (NCAA spreadsheet),No,No,No,No,No,
Fresno St.,Mountain West,ESPN,Sidearm API,Sidearm + ESPN,NCAA leaderboards,NCAA leaderboards,Mountain West scraper + ESPN,Mountain West scraper,_conferences.js (NCAA spreadsheet),Yes,No,No,Yes,Yes,
Furman,SoCon,ESPN,ESPN only,ESPN,NCAA leaderboards,NCAA leaderboards,ESPN,NCAA scoreboard aggregation,_conferences.js (NCAA spreadsheet),No,No,No,No,No,
Ga. Southern,Sun Belt,ESPN,ESPN only,ESPN,NCAA leaderboards,NCAA leaderboards,ESPN,NCAA scoreboard aggregation,_conferences.js (NCAA spreadsheet),No,No,No,No,No,
Gardner-Webb,Big South,ESPN,ESPN only,ESPN,NCAA leaderboards,NCAA leaderboards,ESPN,NCAA scoreboard aggregation,_conferences.js (NCAA spreadsheet),No,No,No,No,No,
George Mason,Atlantic 10,ESPN,ESPN only,ESPN,NCAA leaderboards,NCAA leaderboards,ESPN,NCAA scoreboard aggregation,_conferences.js (NCAA spreadsheet),No,No,No,No,No,
George Washington,Atlantic 10,ESPN,ESPN only,ESPN,NCAA leaderboards,NCAA leaderboards,ESPN,NCAA scoreboard aggregation,_conferences.js (NCAA spreadsheet),No,No,No,No,No,
Georgetown,Big East,ESPN,ESPN only,ESPN,NCAA leaderboards,NCAA leaderboards,ESPN,NCAA scoreboard aggregation,_conferences.js (NCAA spreadsheet),No,No,No,No,No,
Georgia,SEC,ESPN,Sidearm API,Sidearm + ESPN,NCAA leaderboards + SEC WMT (full roster stats),NCAA leaderboards + SEC WMT (full roster stats),SEC scraper + ESPN,SEC scraper,_conferences.js (NCAA spreadsheet),Yes,No,Yes,Yes,Yes,Full individual stats via SEC WMT feed
Georgia St.,Sun Belt,ESPN,ESPN only,ESPN,NCAA leaderboards,NCAA leaderboards,ESPN,NCAA scoreboard aggregation,_conferences.js (NCAA spreadsheet),No,No,No,No,No,
Georgia Tech,ACC,ESPN,WMT Digital (no API),ESPN,NCAA leaderboards,NCAA leaderboards,ACC scraper + ESPN,ACC scraper,_conferences.js (NCAA spreadsheet),No,No,No,Yes,Yes,WMT Digital — no server-side roster API
Grambling,SWAC,ESPN,ESPN only,ESPN,NCAA leaderboards,NCAA leaderboards,ESPN,NCAA scoreboard aggregation,_conferences.js (NCAA spreadsheet),No,No,No,No,No,
Grand Canyon,Mountain West,ESPN,ESPN only,ESPN,NCAA leaderboards,NCAA leaderboards,Mountain West scraper + ESPN,Mountain West scraper,_conferences.js (NCAA spreadsheet),No,No,No,Yes,Yes,
Green Bay,Horizon,ESPN,ESPN only,ESPN,NCAA leaderboards,NCAA leaderboards,ESPN,NCAA scoreboard aggregation,_conferences.js (NCAA spreadsheet),No,No,No,No,No,
Hampton,CAA,ESPN,ESPN only,ESPN,NCAA leaderboards,NCAA leaderboards,ESPN,NCAA scoreboard aggregation,_conferences.js (NCAA spreadsheet),No,No,No,No,No,
Harvard,Ivy League,ESPN,ESPN only,ESPN,NCAA leaderboards,NCAA leaderboards,ESPN,NCAA scoreboard aggregation,_conferences.js (NCAA spreadsheet),No,No,No,No,No,
Hawaii,Big West,ESPN,ESPN only,ESPN,NCAA leaderboards,NCAA leaderboards,ESPN,NCAA scoreboard aggregation,_conferences.js (NCAA spreadsheet),No,No,No,No,No,
Hofstra,CAA,ESPN,ESPN only,ESPN,NCAA leaderboards,NCAA leaderboards,ESPN,NCAA scoreboard aggregation,_conferences.js (NCAA spreadsheet),No,No,No,No,No,
Holy Cross,Patriot,ESPN,ESPN only,ESPN,NCAA leaderboards,NCAA leaderboards,ESPN,NCAA scoreboard aggregation,_conferences.js (NCAA spreadsheet),No,No,No,No,No,
Houston,Big 12,ESPN,Sidearm API,Sidearm + ESPN,NCAA leaderboards,NCAA leaderboards,Big 12 scraper + ESPN,Big 12 scraper,_conferences.js (NCAA spreadsheet),Yes,No,No,Yes,Yes,
Houston Christian,Southland,ESPN,ESPN only,ESPN,NCAA leaderboards,NCAA leaderboards,ESPN,NCAA scoreboard aggregation,_conferences.js (NCAA spreadsheet),No,No,No,No,No,
Howard,MEAC,ESPN,ESPN only,ESPN,NCAA leaderboards,NCAA leaderboards,ESPN,NCAA scoreboard aggregation,_conferences.js (NCAA spreadsheet),No,No,No,No,No,
Idaho St.,Big Sky,ESPN,ESPN only,ESPN,NCAA leaderboards,NCAA leaderboards,ESPN,NCAA scoreboard aggregation,_conferences.js (NCAA spreadsheet),No,No,No,No,No,
Illinois,Big Ten,ESPN,WMT Digital (no API),ESPN,NCAA leaderboards,NCAA leaderboards,Big Ten scraper + ESPN,Big Ten scraper,_conferences.js (NCAA spreadsheet),No,No,No,Yes,Yes,WMT Digital — no server-side roster API
Illinois St.,MVC,ESPN,ESPN only,ESPN,NCAA leaderboards,NCAA leaderboards,ESPN,NCAA scoreboard aggregation,_conferences.js (NCAA spreadsheet),No,No,No,No,No,
Indiana,Big Ten,ESPN,Sidearm API,Sidearm + ESPN,NCAA leaderboards,NCAA leaderboards,Big Ten scraper + ESPN,Big Ten scraper,_conferences.js (NCAA spreadsheet),Yes,No,No,Yes,Yes,
Indiana St.,MVC,ESPN,ESPN only,ESPN,NCAA leaderboards,NCAA leaderboards,ESPN,NCAA scoreboard aggregation,_conferences.js (NCAA spreadsheet),No,No,No,No,No,
Iona,MAAC,ESPN,ESPN only,ESPN,NCAA leaderboards,NCAA leaderboards,ESPN,NCAA scoreboard aggregation,_conferences.js (NCAA spreadsheet),No,No,No,No,No,
Iowa,Big Ten,ESPN,ESPN only,ESPN,NCAA leaderboards,NCAA leaderboards,Big Ten scraper + ESPN,Big Ten scraper,_conferences.js (NCAA spreadsheet),No,No,No,Yes,Yes,
Iowa St.,Big 12,ESPN,Sidearm API,Sidearm + ESPN,NCAA leaderboards,NCAA leaderboards,Big 12 scraper + ESPN,Big 12 scraper,_conferences.js (NCAA spreadsheet),Yes,No,No,Yes,Yes,
IU Indy,Horizon,ESPN,ESPN only,ESPN,NCAA leaderboards,NCAA leaderboards,ESPN,NCAA scoreboard aggregation,_conferences.js (NCAA spreadsheet),No,No,No,No,No,
Jackson St.,SWAC,ESPN,ESPN only,ESPN,NCAA leaderboards,NCAA leaderboards,ESPN,NCAA scoreboard aggregation,_conferences.js (NCAA spreadsheet),No,No,No,No,No,
Jacksonville,ASUN,ESPN,ESPN only,ESPN,NCAA leaderboards,NCAA leaderboards,ESPN,NCAA scoreboard aggregation,_conferences.js (NCAA spreadsheet),No,No,No,No,No,
Jacksonville St.,CUSA,ESPN,ESPN only,ESPN,NCAA leaderboards,NCAA leaderboards,ESPN,NCAA scoreboard aggregation,_conferences.js (NCAA spreadsheet),No,No,No,No,No,
James Madison,Sun Belt,ESPN,ESPN only,ESPN,NCAA leaderboards,NCAA leaderboards,ESPN,NCAA scoreboard aggregation,_conferences.js (NCAA spreadsheet),No,No,No,No,No,
Kansas,Big 12,ESPN,Sidearm API,Sidearm + ESPN,NCAA leaderboards,NCAA leaderboards,Big 12 scraper + ESPN,Big 12 scraper,_conferences.js (NCAA spreadsheet),Yes,No,No,Yes,Yes,
Kansas City,Summit League,ESPN,ESPN only,ESPN,NCAA leaderboards,NCAA leaderboards,ESPN,NCAA scoreboard aggregation,_conferences.js (NCAA spreadsheet),No,No,No,No,No,
Kennesaw St.,CUSA,ESPN,ESPN only,ESPN,NCAA leaderboards,NCAA leaderboards,ESPN,NCAA scoreboard aggregation,_conferences.js (NCAA spreadsheet),No,No,No,No,No,
Kent St.,MAC,ESPN,ESPN only,ESPN,NCAA leaderboards,NCAA leaderboards,ESPN,NCAA scoreboard aggregation,_conferences.js (NCAA spreadsheet),No,No,No,No,No,
Kentucky,SEC,ESPN,WMT Digital (no API),ESPN,NCAA leaderboards + SEC WMT (full roster stats),NCAA leaderboards + SEC WMT (full roster stats),SEC scraper + ESPN,SEC scraper,_conferences.js (NCAA spreadsheet),No,No,Yes,Yes,Yes,WMT Digital — no server-side roster API; Full individual stats via SEC WMT feed
Lafayette,Patriot,ESPN,ESPN only,ESPN,NCAA leaderboards,NCAA leaderboards,ESPN,NCAA scoreboard aggregation,_conferences.js (NCAA spreadsheet),No,No,No,No,No,
Lamar University,Southland,ESPN,ESPN only,ESPN,NCAA leaderboards,NCAA leaderboards,ESPN,NCAA scoreboard aggregation,_conferences.js (NCAA spreadsheet),No,No,No,No,No,
Le Moyne,NEC,ESPN,ESPN only,ESPN,NCAA leaderboards,NCAA leaderboards,ESPN,NCAA scoreboard aggregation,_conferences.js (NCAA spreadsheet),No,No,No,No,No,
Lehigh,Patriot,ESPN,ESPN only,ESPN,NCAA leaderboards,NCAA leaderboards,ESPN,NCAA scoreboard aggregation,_conferences.js (NCAA spreadsheet),No,No,No,No,No,
Liberty,CUSA,ESPN,ESPN only,ESPN,NCAA leaderboards,NCAA leaderboards,ESPN,NCAA scoreboard aggregation,_conferences.js (NCAA spreadsheet),No,No,No,No,No,
Lindenwood,OVC,ESPN,ESPN only,ESPN,NCAA leaderboards,NCAA leaderboards,ESPN,NCAA scoreboard aggregation,_conferences.js (NCAA spreadsheet),No,No,No,No,No,
Lipscomb,ASUN,ESPN,ESPN only,ESPN,NCAA leaderboards,NCAA leaderboards,ESPN,NCAA scoreboard aggregation,_conferences.js (NCAA spreadsheet),No,No,No,No,No,
LIU,NEC,ESPN,ESPN only,ESPN,NCAA leaderboards,NCAA leaderboards,ESPN,NCAA scoreboard aggregation,_conferences.js (NCAA spreadsheet),No,No,No,No,No,
LMU (CA),WCC,ESPN,ESPN only,ESPN,NCAA leaderboards,NCAA leaderboards,ESPN,NCAA scoreboard aggregation,_conferences.js (NCAA spreadsheet),No,No,No,No,No,
Long Beach St.,Big West,ESPN,ESPN only,ESPN,NCAA leaderboards,NCAA leaderboards,ESPN,NCAA scoreboard aggregation,_conferences.js (NCAA spreadsheet),No,No,No,No,No,
Longwood,Big South,ESPN,ESPN only,ESPN,NCAA leaderboards,NCAA leaderboards,ESPN,NCAA scoreboard aggregation,_conferences.js (NCAA spreadsheet),No,No,No,No,No,
Louisiana,Sun Belt,ESPN,ESPN only,ESPN,NCAA leaderboards,NCAA leaderboards,ESPN,NCAA scoreboard aggregation,_conferences.js (NCAA spreadsheet),No,No,No,No,No,
Louisiana Tech,CUSA,ESPN,ESPN only,ESPN,NCAA leaderboards,NCAA leaderboards,ESPN,NCAA scoreboard aggregation,_conferences.js (NCAA spreadsheet),No,No,No,No,No,
Louisville,ACC,ESPN,Sidearm API,Sidearm + ESPN,NCAA leaderboards,NCAA leaderboards,ACC scraper + ESPN,ACC scraper,_conferences.js (NCAA spreadsheet),Yes,No,No,Yes,Yes,
Loyola Chicago,Atlantic 10,ESPN,ESPN only,ESPN,NCAA leaderboards,NCAA leaderboards,ESPN,NCAA scoreboard aggregation,_conferences.js (NCAA spreadsheet),No,No,No,No,No,
LSU,SEC,ESPN,Static (hand-curated) + WMT Digital (no API),Static CDN + ESPN,NCAA leaderboards + SEC WMT (full roster stats),NCAA leaderboards + SEC WMT (full roster stats),SEC scraper + ESPN,SEC scraper,_conferences.js (NCAA spreadsheet),No,Yes,Yes,Yes,Yes,Full individual stats via SEC WMT feed; Hand-curated roster with CDN photo URLs
Maine,America East,ESPN,ESPN only,ESPN,NCAA leaderboards,NCAA leaderboards,ESPN,NCAA scoreboard aggregation,_conferences.js (NCAA spreadsheet),No,No,No,No,No,
Manhattan,MAAC,ESPN,ESPN only,ESPN,NCAA leaderboards,NCAA leaderboards,ESPN,NCAA scoreboard aggregation,_conferences.js (NCAA spreadsheet),No,No,No,No,No,
Marist,MAAC,ESPN,ESPN only,ESPN,NCAA leaderboards,NCAA leaderboards,ESPN,NCAA scoreboard aggregation,_conferences.js (NCAA spreadsheet),No,No,No,No,No,
Marshall,Sun Belt,ESPN,ESPN only,ESPN,NCAA leaderboards,NCAA leaderboards,ESPN,NCAA scoreboard aggregation,_conferences.js (NCAA spreadsheet),No,No,No,No,No,
Maryland,Big Ten,ESPN,WMT Digital (no API),ESPN,NCAA leaderboards,NCAA leaderboards,Big Ten scraper + ESPN,Big Ten scraper,_conferences.js (NCAA spreadsheet),No,No,No,Yes,Yes,WMT Digital — no server-side roster API
Massachusetts,MAC,ESPN,ESPN only,ESPN,NCAA leaderboards,NCAA leaderboards,ESPN,NCAA scoreboard aggregation,_conferences.js (NCAA spreadsheet),No,No,No,No,No,
McNeese,Southland,ESPN,ESPN only,ESPN,NCAA leaderboards,NCAA leaderboards,ESPN,NCAA scoreboard aggregation,_conferences.js (NCAA spreadsheet),No,No,No,No,No,
Memphis,American,ESPN,ESPN only,ESPN,NCAA leaderboards,NCAA leaderboards,ESPN,NCAA scoreboard aggregation,_conferences.js (NCAA spreadsheet),No,No,No,No,No,
Mercer,SoCon,ESPN,ESPN only,ESPN,NCAA leaderboards,NCAA leaderboards,ESPN,NCAA scoreboard aggregation,_conferences.js (NCAA spreadsheet),No,No,No,No,No,
Mercyhurst,NEC,ESPN,ESPN only,ESPN,NCAA leaderboards,NCAA leaderboards,ESPN,NCAA scoreboard aggregation,_conferences.js (NCAA spreadsheet),No,No,No,No,No,
Merrimack,MAAC,ESPN,ESPN only,ESPN,NCAA leaderboards,NCAA leaderboards,ESPN,NCAA scoreboard aggregation,_conferences.js (NCAA spreadsheet),No,No,No,No,No,
Miami (OH),MAC,ESPN,ESPN only,ESPN,NCAA leaderboards,NCAA leaderboards,ESPN,NCAA scoreboard aggregation,_conferences.js (NCAA spreadsheet),No,No,No,No,No,
Michigan,Big Ten,ESPN,Sidearm API,Sidearm + ESPN,NCAA leaderboards,NCAA leaderboards,Big Ten scraper + ESPN,Big Ten scraper,_conferences.js (NCAA spreadsheet),Yes,No,No,Yes,Yes,
Michigan St.,Big Ten,ESPN,Sidearm API,Sidearm + ESPN,NCAA leaderboards,NCAA leaderboards,Big Ten scraper + ESPN,Big Ten scraper,_conferences.js (NCAA spreadsheet),Yes,No,No,Yes,Yes,
Middle Tenn.,CUSA,ESPN,ESPN only,ESPN,NCAA leaderboards,NCAA leaderboards,ESPN,NCAA scoreboard aggregation,_conferences.js (NCAA spreadsheet),No,No,No,No,No,
Minnesota,Big Ten,ESPN,Sidearm API,Sidearm + ESPN,NCAA leaderboards,NCAA leaderboards,Big Ten scraper + ESPN,Big Ten scraper,_conferences.js (NCAA spreadsheet),Yes,No,No,Yes,Yes,
Mississippi St.,SEC,ESPN,Sidearm API,Sidearm + ESPN,NCAA leaderboards + SEC WMT (full roster stats),NCAA leaderboards + SEC WMT (full roster stats),SEC scraper + ESPN,SEC scraper,_conferences.js (NCAA spreadsheet),Yes,No,Yes,Yes,Yes,Full individual stats via SEC WMT feed
Mississippi Val.,SWAC,ESPN,ESPN only,ESPN,NCAA leaderboards,NCAA leaderboards,ESPN,NCAA scoreboard aggregation,_conferences.js (NCAA spreadsheet),No,No,No,No,No,
Missouri,SEC,ESPN,Sidearm API,Sidearm + ESPN,NCAA leaderboards + SEC WMT (full roster stats),NCAA leaderboards + SEC WMT (full roster stats),SEC scraper + ESPN,SEC scraper,_conferences.js (NCAA spreadsheet),Yes,No,Yes,Yes,Yes,Full individual stats via SEC WMT feed
Missouri St.,CUSA,ESPN,ESPN only,ESPN,NCAA leaderboards,NCAA leaderboards,ESPN,NCAA scoreboard aggregation,_conferences.js (NCAA spreadsheet),No,No,No,No,No,
Monmouth,CAA,ESPN,ESPN only,ESPN,NCAA leaderboards,NCAA leaderboards,ESPN,NCAA scoreboard aggregation,_conferences.js (NCAA spreadsheet),No,No,No,No,No,
Montana,Big Sky,ESPN,ESPN only,ESPN,NCAA leaderboards,NCAA leaderboards,ESPN,NCAA scoreboard aggregation,_conferences.js (NCAA spreadsheet),No,No,No,No,No,
Morehead St.,OVC,ESPN,ESPN only,ESPN,NCAA leaderboards,NCAA leaderboards,ESPN,NCAA scoreboard aggregation,_conferences.js (NCAA spreadsheet),No,No,No,No,No,
Morgan St.,MEAC,ESPN,ESPN only,ESPN,NCAA leaderboards,NCAA leaderboards,ESPN,NCAA scoreboard aggregation,_conferences.js (NCAA spreadsheet),No,No,No,No,No,
Mount St. Mary`s,MAAC,ESPN,ESPN only,ESPN,NCAA leaderboards,NCAA leaderboards,ESPN,NCAA scoreboard aggregation,_conferences.js (NCAA spreadsheet),No,No,No,No,No,
Murray St.,MVC,ESPN,ESPN only,ESPN,NCAA leaderboards,NCAA leaderboards,ESPN,NCAA scoreboard aggregation,_conferences.js (NCAA spreadsheet),No,No,No,No,No,
N.C. A&T,CAA,ESPN,ESPN only,ESPN,NCAA leaderboards,NCAA leaderboards,ESPN,NCAA scoreboard aggregation,_conferences.js (NCAA spreadsheet),No,No,No,No,No,
N.C. Central,MEAC,ESPN,ESPN only,ESPN,NCAA leaderboards,NCAA leaderboards,ESPN,NCAA scoreboard aggregation,_conferences.js (NCAA spreadsheet),No,No,No,No,No,
NC State,ACC,ESPN,Sidearm API,Sidearm + ESPN,NCAA leaderboards,NCAA leaderboards,ACC scraper + ESPN,ACC scraper,_conferences.js (NCAA spreadsheet),Yes,No,No,Yes,Yes,
Nebraska,Big Ten,ESPN,ESPN only,ESPN,NCAA leaderboards,NCAA leaderboards,Big Ten scraper + ESPN,Big Ten scraper,_conferences.js (NCAA spreadsheet),No,No,No,Yes,Yes,
Nevada,Mountain West,ESPN,WMT Digital (no API),ESPN,NCAA leaderboards,NCAA leaderboards,Mountain West scraper + ESPN,Mountain West scraper,_conferences.js (NCAA spreadsheet),No,No,No,Yes,Yes,WMT Digital — no server-side roster API
New Haven,NEC,ESPN,ESPN only,ESPN,NCAA leaderboards,NCAA leaderboards,ESPN,NCAA scoreboard aggregation,_conferences.js (NCAA spreadsheet),No,No,No,No,No,
New Mexico,Mountain West,ESPN,ESPN only,ESPN,NCAA leaderboards,NCAA leaderboards,Mountain West scraper + ESPN,Mountain West scraper,_conferences.js (NCAA spreadsheet),No,No,No,Yes,Yes,
New Mexico St.,CUSA,ESPN,ESPN only,ESPN,NCAA leaderboards,NCAA leaderboards,ESPN,NCAA scoreboard aggregation,_conferences.js (NCAA spreadsheet),No,No,No,No,No,
Niagara,MAAC,ESPN,ESPN only,ESPN,NCAA leaderboards,NCAA leaderboards,ESPN,NCAA scoreboard aggregation,_conferences.js (NCAA spreadsheet),No,No,No,No,No,
Nicholls,Southland,ESPN,ESPN only,ESPN,NCAA leaderboards,NCAA leaderboards,ESPN,NCAA scoreboard aggregation,_conferences.js (NCAA spreadsheet),No,No,No,No,No,
NIU,MAC,ESPN,ESPN only,ESPN,NCAA leaderboards,NCAA leaderboards,ESPN,NCAA scoreboard aggregation,_conferences.js (NCAA spreadsheet),No,No,No,No,No,
Norfolk St.,MEAC,ESPN,ESPN only,ESPN,NCAA leaderboards,NCAA leaderboards,ESPN,NCAA scoreboard aggregation,_conferences.js (NCAA spreadsheet),No,No,No,No,No,
North Ala.,ASUN,ESPN,ESPN only,ESPN,NCAA leaderboards,NCAA leaderboards,ESPN,NCAA scoreboard aggregation,_conferences.js (NCAA spreadsheet),No,No,No,No,No,
North Carolina,ACC,ESPN,Sidearm API,Sidearm + ESPN,NCAA leaderboards,NCAA leaderboards,ACC scraper + ESPN,ACC scraper,_conferences.js (NCAA spreadsheet),Yes,No,No,Yes,Yes,
North Dakota,Summit League,ESPN,ESPN only,ESPN,NCAA leaderboards,NCAA leaderboards,ESPN,NCAA scoreboard aggregation,_conferences.js (NCAA spreadsheet),No,No,No,No,No,
North Dakota St.,Summit League,ESPN,ESPN only,ESPN,NCAA leaderboards,NCAA leaderboards,ESPN,NCAA scoreboard aggregation,_conferences.js (NCAA spreadsheet),No,No,No,No,No,
North Florida,ASUN,ESPN,ESPN only,ESPN,NCAA leaderboards,NCAA leaderboards,ESPN,NCAA scoreboard aggregation,_conferences.js (NCAA spreadsheet),No,No,No,No,No,
North Texas,American,ESPN,ESPN only,ESPN,NCAA leaderboards,NCAA leaderboards,ESPN,NCAA scoreboard aggregation,_conferences.js (NCAA spreadsheet),No,No,No,No,No,
Northern Colo.,Big Sky,ESPN,ESPN only,ESPN,NCAA leaderboards,NCAA leaderboards,ESPN,NCAA scoreboard aggregation,_conferences.js (NCAA spreadsheet),No,No,No,No,No,
Northern Ky.,Horizon,ESPN,ESPN only,ESPN,NCAA leaderboards,NCAA leaderboards,ESPN,NCAA scoreboard aggregation,_conferences.js (NCAA spreadsheet),No,No,No,No,No,
Northwestern,Big Ten,ESPN,Sidearm API,Sidearm + ESPN,NCAA leaderboards,NCAA leaderboards,Big Ten scraper + ESPN,Big Ten scraper,_conferences.js (NCAA spreadsheet),Yes,No,No,Yes,Yes,
Northwestern St.,Southland,ESPN,ESPN only,ESPN,NCAA leaderboards,NCAA leaderboards,ESPN,NCAA scoreboard aggregation,_conferences.js (NCAA spreadsheet),No,No,No,No,No,
Notre Dame,ACC,ESPN,WMT Digital (no API),ESPN,NCAA leaderboards,NCAA leaderboards,ACC scraper + ESPN,ACC scraper,_conferences.js (NCAA spreadsheet),No,No,No,Yes,Yes,WMT Digital — no server-side roster API
Oakland,Horizon,ESPN,ESPN only,ESPN,NCAA leaderboards,NCAA leaderboards,ESPN,NCAA scoreboard aggregation,_conferences.js (NCAA spreadsheet),No,No,No,No,No,
Ohio,MAC,ESPN,ESPN only,ESPN,NCAA leaderboards,NCAA leaderboards,ESPN,NCAA scoreboard aggregation,_conferences.js (NCAA spreadsheet),No,No,No,No,No,
Ohio St.,Big Ten,ESPN,Sidearm API,Sidearm + ESPN,NCAA leaderboards,NCAA leaderboards,Big Ten scraper + ESPN,Big Ten scraper,_conferences.js (NCAA spreadsheet),Yes,No,No,Yes,Yes,
Oklahoma,SEC,ESPN,Sidearm API,Sidearm + ESPN,NCAA leaderboards + SEC WMT (full roster stats),NCAA leaderboards + SEC WMT (full roster stats),SEC scraper + ESPN,SEC scraper,_conferences.js (NCAA spreadsheet),Yes,No,Yes,Yes,Yes,Full individual stats via SEC WMT feed
Oklahoma St.,Big 12,ESPN,Sidearm API,Sidearm + ESPN,NCAA leaderboards,NCAA leaderboards,Big 12 scraper + ESPN,Big 12 scraper,_conferences.js (NCAA spreadsheet),Yes,No,No,Yes,Yes,
Ole Miss,SEC,ESPN,Sidearm API,Sidearm + ESPN,NCAA leaderboards + SEC WMT (full roster stats),NCAA leaderboards + SEC WMT (full roster stats),SEC scraper + ESPN,SEC scraper,_conferences.js (NCAA spreadsheet),Yes,No,Yes,Yes,Yes,Full individual stats via SEC WMT feed
Omaha,Summit League,ESPN,ESPN only,ESPN,NCAA leaderboards,NCAA leaderboards,ESPN,NCAA scoreboard aggregation,_conferences.js (NCAA spreadsheet),No,No,No,No,No,
Oregon,Big Ten,ESPN,Sidearm API,Sidearm + ESPN,NCAA leaderboards,NCAA leaderboards,Big Ten scraper + ESPN,Big Ten scraper,_conferences.js (NCAA spreadsheet),Yes,No,No,Yes,Yes,
Oregon St.,WCC,ESPN,ESPN only,ESPN,NCAA leaderboards,NCAA leaderboards,ESPN,NCAA scoreboard aggregation,_conferences.js (NCAA spreadsheet),No,No,No,No,No,
Pacific,WCC,ESPN,ESPN only,ESPN,NCAA leaderboards,NCAA leaderboards,ESPN,NCAA scoreboard aggregation,_conferences.js (NCAA spreadsheet),No,No,No,No,No,
Penn,Ivy League,ESPN,ESPN only,ESPN,NCAA leaderboards,NCAA leaderboards,ESPN,NCAA scoreboard aggregation,_conferences.js (NCAA spreadsheet),No,No,No,No,No,
Penn St.,Big Ten,ESPN,ESPN only,ESPN,NCAA leaderboards,NCAA leaderboards,Big Ten scraper + ESPN,Big Ten scraper,_conferences.js (NCAA spreadsheet),No,No,No,Yes,Yes,
Pittsburgh,ACC,ESPN,Sidearm API,Sidearm + ESPN,NCAA leaderboards,NCAA leaderboards,ACC scraper + ESPN,ACC scraper,_conferences.js (NCAA spreadsheet),Yes,No,No,Yes,Yes,
Portland St.,Big Sky,ESPN,ESPN only,ESPN,NCAA leaderboards,NCAA leaderboards,ESPN,NCAA scoreboard aggregation,_conferences.js (NCAA spreadsheet),No,No,No,No,No,
Prairie View,SWAC,ESPN,ESPN only,ESPN,NCAA leaderboards,NCAA leaderboards,ESPN,NCAA scoreboard aggregation,_conferences.js (NCAA spreadsheet),No,No,No,No,No,
Presbyterian,Big South,ESPN,ESPN only,ESPN,NCAA leaderboards,NCAA leaderboards,ESPN,NCAA scoreboard aggregation,_conferences.js (NCAA spreadsheet),No,No,No,No,No,
Princeton,Ivy League,ESPN,ESPN only,ESPN,NCAA leaderboards,NCAA leaderboards,ESPN,NCAA scoreboard aggregation,_conferences.js (NCAA spreadsheet),No,No,No,No,No,
Providence,Big East,ESPN,ESPN only,ESPN,NCAA leaderboards,NCAA leaderboards,ESPN,NCAA scoreboard aggregation,_conferences.js (NCAA spreadsheet),No,No,No,No,No,
Purdue,Big Ten,ESPN,ESPN only,ESPN,NCAA leaderboards,NCAA leaderboards,Big Ten scraper + ESPN,Big Ten scraper,_conferences.js (NCAA spreadsheet),No,No,No,Yes,Yes,
Queens (NC),ASUN,ESPN,ESPN only,ESPN,NCAA leaderboards,NCAA leaderboards,ESPN,NCAA scoreboard aggregation,_conferences.js (NCAA spreadsheet),No,No,No,No,No,
Quinnipiac,MAAC,ESPN,ESPN only,ESPN,NCAA leaderboards,NCAA leaderboards,ESPN,NCAA scoreboard aggregation,_conferences.js (NCAA spreadsheet),No,No,No,No,No,
Radford,Big South,ESPN,ESPN only,ESPN,NCAA leaderboards,NCAA leaderboards,ESPN,NCAA scoreboard aggregation,_conferences.js (NCAA spreadsheet),No,No,No,No,No,
Rhode Island,Atlantic 10,ESPN,ESPN only,ESPN,NCAA leaderboards,NCAA leaderboards,ESPN,NCAA scoreboard aggregation,_conferences.js (NCAA spreadsheet),No,No,No,No,No,
Rider,MAAC,ESPN,ESPN only,ESPN,NCAA leaderboards,NCAA leaderboards,ESPN,NCAA scoreboard aggregation,_conferences.js (NCAA spreadsheet),No,No,No,No,No,
Robert Morris,Horizon,ESPN,ESPN only,ESPN,NCAA leaderboards,NCAA leaderboards,ESPN,NCAA scoreboard aggregation,_conferences.js (NCAA spreadsheet),No,No,No,No,No,
Rutgers,Big Ten,ESPN,ESPN only,ESPN,NCAA leaderboards,NCAA leaderboards,Big Ten scraper + ESPN,Big Ten scraper,_conferences.js (NCAA spreadsheet),No,No,No,Yes,Yes,
Sacramento St.,Big Sky,ESPN,ESPN only,ESPN,NCAA leaderboards,NCAA leaderboards,ESPN,NCAA scoreboard aggregation,_conferences.js (NCAA spreadsheet),No,No,No,No,No,
Sacred Heart,MAAC,ESPN,ESPN only,ESPN,NCAA leaderboards,NCAA leaderboards,ESPN,NCAA scoreboard aggregation,_conferences.js (NCAA spreadsheet),No,No,No,No,No,
Saint Francis,NEC,ESPN,ESPN only,ESPN,NCAA leaderboards,NCAA leaderboards,ESPN,NCAA scoreboard aggregation,_conferences.js (NCAA spreadsheet),No,No,No,No,No,
Saint Joseph`s,Atlantic 10,ESPN,ESPN only,ESPN,NCAA leaderboards,NCAA leaderboards,ESPN,NCAA scoreboard aggregation,_conferences.js (NCAA spreadsheet),No,No,No,No,No,
Saint Louis,Atlantic 10,ESPN,ESPN only,ESPN,NCAA leaderboards,NCAA leaderboards,ESPN,NCAA scoreboard aggregation,_conferences.js (NCAA spreadsheet),No,No,No,No,No,
Saint Mary`s (CA),WCC,ESPN,ESPN only,ESPN,NCAA leaderboards,NCAA leaderboards,ESPN,NCAA scoreboard aggregation,_conferences.js (NCAA spreadsheet),No,No,No,No,No,
Saint Peter`s,MAAC,ESPN,ESPN only,ESPN,NCAA leaderboards,NCAA leaderboards,ESPN,NCAA scoreboard aggregation,_conferences.js (NCAA spreadsheet),No,No,No,No,No,
Sam Houston,CUSA,ESPN,ESPN only,ESPN,NCAA leaderboards,NCAA leaderboards,ESPN,NCAA scoreboard aggregation,_conferences.js (NCAA spreadsheet),No,No,No,No,No,
Samford,SoCon,ESPN,ESPN only,ESPN,NCAA leaderboards,NCAA leaderboards,ESPN,NCAA scoreboard aggregation,_conferences.js (NCAA spreadsheet),No,No,No,No,No,
San Diego,WCC,ESPN,ESPN only,ESPN,NCAA leaderboards,NCAA leaderboards,ESPN,NCAA scoreboard aggregation,_conferences.js (NCAA spreadsheet),No,No,No,No,No,
San Diego St.,Mountain West,ESPN,ESPN only,ESPN,NCAA leaderboards,NCAA leaderboards,Mountain West scraper + ESPN,Mountain West scraper,_conferences.js (NCAA spreadsheet),No,No,No,Yes,Yes,
San Jose St.,Mountain West,ESPN,ESPN only,ESPN,NCAA leaderboards,NCAA leaderboards,Mountain West scraper + ESPN,Mountain West scraper,_conferences.js (NCAA spreadsheet),No,No,No,Yes,Yes,
Santa Clara,WCC,ESPN,ESPN only,ESPN,NCAA leaderboards,NCAA leaderboards,ESPN,NCAA scoreboard aggregation,_conferences.js (NCAA spreadsheet),No,No,No,No,No,
Seattle U,WCC,ESPN,ESPN only,ESPN,NCAA leaderboards,NCAA leaderboards,ESPN,NCAA scoreboard aggregation,_conferences.js (NCAA spreadsheet),No,No,No,No,No,
Seton Hall,Big East,ESPN,ESPN only,ESPN,NCAA leaderboards,NCAA leaderboards,ESPN,NCAA scoreboard aggregation,_conferences.js (NCAA spreadsheet),No,No,No,No,No,
SFA,Southland,ESPN,ESPN only,ESPN,NCAA leaderboards,NCAA leaderboards,ESPN,NCAA scoreboard aggregation,_conferences.js (NCAA spreadsheet),No,No,No,No,No,
Siena,MAAC,ESPN,ESPN only,ESPN,NCAA leaderboards,NCAA leaderboards,ESPN,NCAA scoreboard aggregation,_conferences.js (NCAA spreadsheet),No,No,No,No,No,
SIUE,OVC,ESPN,ESPN only,ESPN,NCAA leaderboards,NCAA leaderboards,ESPN,NCAA scoreboard aggregation,_conferences.js (NCAA spreadsheet),No,No,No,No,No,
South Alabama,Sun Belt,ESPN,ESPN only,ESPN,NCAA leaderboards,NCAA leaderboards,ESPN,NCAA scoreboard aggregation,_conferences.js (NCAA spreadsheet),No,No,No,No,No,
South Carolina,SEC,ESPN,WMT Digital (no API),ESPN,NCAA leaderboards + SEC WMT (full roster stats),NCAA leaderboards + SEC WMT (full roster stats),SEC scraper + ESPN,SEC scraper,_conferences.js (NCAA spreadsheet),No,No,Yes,Yes,Yes,WMT Digital — no server-side roster API; Full individual stats via SEC WMT feed
South Carolina St.,MEAC,ESPN,ESPN only,ESPN,NCAA leaderboards,NCAA leaderboards,ESPN,NCAA scoreboard aggregation,_conferences.js (NCAA spreadsheet),No,No,No,No,No,
South Dakota,Summit League,ESPN,ESPN only,ESPN,NCAA leaderboards,NCAA leaderboards,ESPN,NCAA scoreboard aggregation,_conferences.js (NCAA spreadsheet),No,No,No,No,No,
South Dakota St.,Summit League,ESPN,ESPN only,ESPN,NCAA leaderboards,NCAA leaderboards,ESPN,NCAA scoreboard aggregation,_conferences.js (NCAA spreadsheet),No,No,No,No,No,
South Fla.,American,ESPN,ESPN only,ESPN,NCAA leaderboards,NCAA leaderboards,ESPN,NCAA scoreboard aggregation,_conferences.js (NCAA spreadsheet),No,No,No,No,No,
Southeast Mo. St.,OVC,ESPN,ESPN only,ESPN,NCAA leaderboards,NCAA leaderboards,ESPN,NCAA scoreboard aggregation,_conferences.js (NCAA spreadsheet),No,No,No,No,No,
Southeastern La.,Southland,ESPN,ESPN only,ESPN,NCAA leaderboards,NCAA leaderboards,ESPN,NCAA scoreboard aggregation,_conferences.js (NCAA spreadsheet),No,No,No,No,No,
Southern Ill.,MVC,ESPN,ESPN only,ESPN,NCAA leaderboards,NCAA leaderboards,ESPN,NCAA scoreboard aggregation,_conferences.js (NCAA spreadsheet),No,No,No,No,No,
Southern Ind.,OVC,ESPN,ESPN only,ESPN,NCAA leaderboards,NCAA leaderboards,ESPN,NCAA scoreboard aggregation,_conferences.js (NCAA spreadsheet),No,No,No,No,No,
Southern Miss.,Sun Belt,ESPN,ESPN only,ESPN,NCAA leaderboards,NCAA leaderboards,ESPN,NCAA scoreboard aggregation,_conferences.js (NCAA spreadsheet),No,No,No,No,No,
Southern U.,SWAC,ESPN,ESPN only,ESPN,NCAA leaderboards,NCAA leaderboards,ESPN,NCAA scoreboard aggregation,_conferences.js (NCAA spreadsheet),No,No,No,No,No,
Southern Utah,WAC,ESPN,ESPN only,ESPN,NCAA leaderboards,NCAA leaderboards,ESPN,NCAA scoreboard aggregation,_conferences.js (NCAA spreadsheet),No,No,No,No,No,
St. Bonaventure,Atlantic 10,ESPN,ESPN only,ESPN,NCAA leaderboards,NCAA leaderboards,ESPN,NCAA scoreboard aggregation,_conferences.js (NCAA spreadsheet),No,No,No,No,No,
St. John`s (NY),Big East,ESPN,ESPN only,ESPN,NCAA leaderboards,NCAA leaderboards,ESPN,NCAA scoreboard aggregation,_conferences.js (NCAA spreadsheet),No,No,No,No,No,
St. Thomas (MN),Summit League,ESPN,ESPN only,ESPN,NCAA leaderboards,NCAA leaderboards,ESPN,NCAA scoreboard aggregation,_conferences.js (NCAA spreadsheet),No,No,No,No,No,
Stanford,ACC,ESPN,ESPN only,ESPN,NCAA leaderboards,NCAA leaderboards,ACC scraper + ESPN,ACC scraper,_conferences.js (NCAA spreadsheet),No,No,No,Yes,Yes,
Stetson,ASUN,ESPN,ESPN only,ESPN,NCAA leaderboards,NCAA leaderboards,ESPN,NCAA scoreboard aggregation,_conferences.js (NCAA spreadsheet),No,No,No,No,No,
Stonehill,NEC,ESPN,ESPN only,ESPN,NCAA leaderboards,NCAA leaderboards,ESPN,NCAA scoreboard aggregation,_conferences.js (NCAA spreadsheet),No,No,No,No,No,
Stony Brook,CAA,ESPN,ESPN only,ESPN,NCAA leaderboards,NCAA leaderboards,ESPN,NCAA scoreboard aggregation,_conferences.js (NCAA spreadsheet),No,No,No,No,No,
Syracuse,ACC,ESPN,Sidearm API,Sidearm + ESPN,NCAA leaderboards,NCAA leaderboards,ACC scraper + ESPN,ACC scraper,_conferences.js (NCAA spreadsheet),Yes,No,No,Yes,Yes,
Tarleton St.,WAC,ESPN,ESPN only,ESPN,NCAA leaderboards,NCAA leaderboards,ESPN,NCAA scoreboard aggregation,_conferences.js (NCAA spreadsheet),No,No,No,No,No,
Tennessee,SEC,ESPN,Sidearm API,Sidearm + ESPN,NCAA leaderboards + SEC WMT (full roster stats),NCAA leaderboards + SEC WMT (full roster stats),SEC scraper + ESPN,SEC scraper,_conferences.js (NCAA spreadsheet),Yes,No,Yes,Yes,Yes,Full individual stats via SEC WMT feed
Tennessee St.,OVC,ESPN,ESPN only,ESPN,NCAA leaderboards,NCAA leaderboards,ESPN,NCAA scoreboard aggregation,_conferences.js (NCAA spreadsheet),No,No,No,No,No,
Tennessee Tech,OVC,ESPN,ESPN only,ESPN,NCAA leaderboards,NCAA leaderboards,ESPN,NCAA scoreboard aggregation,_conferences.js (NCAA spreadsheet),No,No,No,No,No,
Texas,SEC,ESPN,Sidearm API,Sidearm + ESPN,NCAA leaderboards + SEC WMT (full roster stats),NCAA leaderboards + SEC WMT (full roster stats),SEC scraper + ESPN,SEC scraper,_conferences.js (NCAA spreadsheet),Yes,No,Yes,Yes,Yes,Full individual stats via SEC WMT feed
Texas A&M,SEC,ESPN,Sidearm API,Sidearm + ESPN,NCAA leaderboards + SEC WMT (full roster stats),NCAA leaderboards + SEC WMT (full roster stats),SEC scraper + ESPN,SEC scraper,_conferences.js (NCAA spreadsheet),Yes,No,Yes,Yes,Yes,Full individual stats via SEC WMT feed
Texas Southern,SWAC,ESPN,ESPN only,ESPN,NCAA leaderboards,NCAA leaderboards,ESPN,NCAA scoreboard aggregation,_conferences.js (NCAA spreadsheet),No,No,No,No,No,
Texas St.,Sun Belt,ESPN,ESPN only,ESPN,NCAA leaderboards,NCAA leaderboards,ESPN,NCAA scoreboard aggregation,_conferences.js (NCAA spreadsheet),No,No,No,No,No,
Texas Tech,Big 12,ESPN,Sidearm API,Sidearm + ESPN,NCAA leaderboards,NCAA leaderboards,Big 12 scraper + ESPN,Big 12 scraper,_conferences.js (NCAA spreadsheet),Yes,No,No,Yes,Yes,
Toledo,MAC,ESPN,ESPN only,ESPN,NCAA leaderboards,NCAA leaderboards,ESPN,NCAA scoreboard aggregation,_conferences.js (NCAA spreadsheet),No,No,No,No,No,
Towson,CAA,ESPN,ESPN only,ESPN,NCAA leaderboards,NCAA leaderboards,ESPN,NCAA scoreboard aggregation,_conferences.js (NCAA spreadsheet),No,No,No,No,No,
Troy,Sun Belt,ESPN,ESPN only,ESPN,NCAA leaderboards,NCAA leaderboards,ESPN,NCAA scoreboard aggregation,_conferences.js (NCAA spreadsheet),No,No,No,No,No,
Tulsa,American,ESPN,ESPN only,ESPN,NCAA leaderboards,NCAA leaderboards,ESPN,NCAA scoreboard aggregation,_conferences.js (NCAA spreadsheet),No,No,No,No,No,
UAB,American,ESPN,ESPN only,ESPN,NCAA leaderboards,NCAA leaderboards,ESPN,NCAA scoreboard aggregation,_conferences.js (NCAA spreadsheet),No,No,No,No,No,
UAlbany,America East,ESPN,ESPN only,ESPN,NCAA leaderboards,NCAA leaderboards,ESPN,NCAA scoreboard aggregation,_conferences.js (NCAA spreadsheet),No,No,No,No,No,
UC Davis,Big West,ESPN,ESPN only,ESPN,NCAA leaderboards,NCAA leaderboards,ESPN,NCAA scoreboard aggregation,_conferences.js (NCAA spreadsheet),No,No,No,No,No,
UC Riverside,Big West,ESPN,ESPN only,ESPN,NCAA leaderboards,NCAA leaderboards,ESPN,NCAA scoreboard aggregation,_conferences.js (NCAA spreadsheet),No,No,No,No,No,
UC San Diego,Big West,ESPN,ESPN only,ESPN,NCAA leaderboards,NCAA leaderboards,ESPN,NCAA scoreboard aggregation,_conferences.js (NCAA spreadsheet),No,No,No,No,No,
UC Santa Barbara,Big West,ESPN,ESPN only,ESPN,NCAA leaderboards,NCAA leaderboards,ESPN,NCAA scoreboard aggregation,_conferences.js (NCAA spreadsheet),No,No,No,No,No,
UCF,Big 12,ESPN,ESPN only,ESPN,NCAA leaderboards,NCAA leaderboards,Big 12 scraper + ESPN,Big 12 scraper,_conferences.js (NCAA spreadsheet),No,No,No,Yes,Yes,
UCLA,Big Ten,ESPN,Sidearm API,Sidearm + ESPN,NCAA leaderboards,NCAA leaderboards,Big Ten scraper + ESPN,Big Ten scraper,_conferences.js (NCAA spreadsheet),Yes,No,No,Yes,Yes,
UConn,Big East,ESPN,ESPN only,ESPN,NCAA leaderboards,NCAA leaderboards,ESPN,NCAA scoreboard aggregation,_conferences.js (NCAA spreadsheet),No,No,No,No,No,
UIC,MVC,ESPN,ESPN only,ESPN,NCAA leaderboards,NCAA leaderboards,ESPN,NCAA scoreboard aggregation,_conferences.js (NCAA spreadsheet),No,No,No,No,No,
UIW,Southland,ESPN,ESPN only,ESPN,NCAA leaderboards,NCAA leaderboards,ESPN,NCAA scoreboard aggregation,_conferences.js (NCAA spreadsheet),No,No,No,No,No,
ULM,Sun Belt,ESPN,ESPN only,ESPN,NCAA leaderboards,NCAA leaderboards,ESPN,NCAA scoreboard aggregation,_conferences.js (NCAA spreadsheet),No,No,No,No,No,
UMass Lowell,America East,ESPN,ESPN only,ESPN,NCAA leaderboards,NCAA leaderboards,ESPN,NCAA scoreboard aggregation,_conferences.js (NCAA spreadsheet),No,No,No,No,No,
UMBC,America East,ESPN,ESPN only,ESPN,NCAA leaderboards,NCAA leaderboards,ESPN,NCAA scoreboard aggregation,_conferences.js (NCAA spreadsheet),No,No,No,No,No,
UMES,MEAC,ESPN,ESPN only,ESPN,NCAA leaderboards,NCAA leaderboards,ESPN,NCAA scoreboard aggregation,_conferences.js (NCAA spreadsheet),No,No,No,No,No,
UNC Greensboro,SoCon,ESPN,ESPN only,ESPN,NCAA leaderboards,NCAA leaderboards,ESPN,NCAA scoreboard aggregation,_conferences.js (NCAA spreadsheet),No,No,No,No,No,
UNCW,CAA,ESPN,ESPN only,ESPN,NCAA leaderboards,NCAA leaderboards,ESPN,NCAA scoreboard aggregation,_conferences.js (NCAA spreadsheet),No,No,No,No,No,
UNI,MVC,ESPN,ESPN only,ESPN,NCAA leaderboards,NCAA leaderboards,ESPN,NCAA scoreboard aggregation,_conferences.js (NCAA spreadsheet),No,No,No,No,No,
UNLV,Mountain West,ESPN,WMT Digital (no API),ESPN,NCAA leaderboards,NCAA leaderboards,Mountain West scraper + ESPN,Mountain West scraper,_conferences.js (NCAA spreadsheet),No,No,No,Yes,Yes,WMT Digital — no server-side roster API
USC Upstate,Big South,ESPN,ESPN only,ESPN,NCAA leaderboards,NCAA leaderboards,ESPN,NCAA scoreboard aggregation,_conferences.js (NCAA spreadsheet),No,No,No,No,No,
UT Arlington,WAC,ESPN,ESPN only,ESPN,NCAA leaderboards,NCAA leaderboards,ESPN,NCAA scoreboard aggregation,_conferences.js (NCAA spreadsheet),No,No,No,No,No,
UT Martin,OVC,ESPN,ESPN only,ESPN,NCAA leaderboards,NCAA leaderboards,ESPN,NCAA scoreboard aggregation,_conferences.js (NCAA spreadsheet),No,No,No,No,No,
Utah,Big 12,ESPN,Sidearm API,Sidearm + ESPN,NCAA leaderboards,NCAA leaderboards,Big 12 scraper + ESPN,Big 12 scraper,_conferences.js (NCAA spreadsheet),Yes,No,No,Yes,Yes,
Utah St.,Mountain West,ESPN,WMT Digital (no API),ESPN,NCAA leaderboards,NCAA leaderboards,Mountain West scraper + ESPN,Mountain West scraper,_conferences.js (NCAA spreadsheet),No,No,No,Yes,Yes,WMT Digital — no server-side roster API
Utah Tech,WAC,ESPN,ESPN only,ESPN,NCAA leaderboards,NCAA leaderboards,ESPN,NCAA scoreboard aggregation,_conferences.js (NCAA spreadsheet),No,No,No,No,No,
Utah Valley,WAC,ESPN,ESPN only,ESPN,NCAA leaderboards,NCAA leaderboards,ESPN,NCAA scoreboard aggregation,_conferences.js (NCAA spreadsheet),No,No,No,No,No,
UTEP,CUSA,ESPN,ESPN only,ESPN,NCAA leaderboards,NCAA leaderboards,ESPN,NCAA scoreboard aggregation,_conferences.js (NCAA spreadsheet),No,No,No,No,No,
UTSA,American,ESPN,ESPN only,ESPN,NCAA leaderboards,NCAA leaderboards,ESPN,NCAA scoreboard aggregation,_conferences.js (NCAA spreadsheet),No,No,No,No,No,
Valparaiso,MVC,ESPN,ESPN only,ESPN,NCAA leaderboards,NCAA leaderboards,ESPN,NCAA scoreboard aggregation,_conferences.js (NCAA spreadsheet),No,No,No,No,No,
Villanova,Big East,ESPN,ESPN only,ESPN,NCAA leaderboards,NCAA leaderboards,ESPN,NCAA scoreboard aggregation,_conferences.js (NCAA spreadsheet),No,No,No,No,No,
Virginia,ACC,ESPN,ESPN only,ESPN,NCAA leaderboards,NCAA leaderboards,ACC scraper + ESPN,ACC scraper,_conferences.js (NCAA spreadsheet),No,No,No,Yes,Yes,
Virginia Tech,ACC,ESPN,ESPN only,ESPN,NCAA leaderboards,NCAA leaderboards,ACC scraper + ESPN,ACC scraper,_conferences.js (NCAA spreadsheet),No,No,No,Yes,Yes,
Wagner,NEC,ESPN,ESPN only,ESPN,NCAA leaderboards,NCAA leaderboards,ESPN,NCAA scoreboard aggregation,_conferences.js (NCAA spreadsheet),No,No,No,No,No,
Washington,Big Ten,ESPN,Sidearm API,Sidearm + ESPN,NCAA leaderboards,NCAA leaderboards,Big Ten scraper + ESPN,Big Ten scraper,_conferences.js (NCAA spreadsheet),Yes,No,No,Yes,Yes,
Weber St.,Big Sky,ESPN,ESPN only,ESPN,NCAA leaderboards,NCAA leaderboards,ESPN,NCAA scoreboard aggregation,_conferences.js (NCAA spreadsheet),No,No,No,No,No,
West Ga.,ASUN,ESPN,ESPN only,ESPN,NCAA leaderboards,NCAA leaderboards,ESPN,NCAA scoreboard aggregation,_conferences.js (NCAA spreadsheet),No,No,No,No,No,
Western Caro.,SoCon,ESPN,ESPN only,ESPN,NCAA leaderboards,NCAA leaderboards,ESPN,NCAA scoreboard aggregation,_conferences.js (NCAA spreadsheet),No,No,No,No,No,
Western Ill.,OVC,ESPN,ESPN only,ESPN,NCAA leaderboards,NCAA leaderboards,ESPN,NCAA scoreboard aggregation,_conferences.js (NCAA spreadsheet),No,No,No,No,No,
Western Ky.,CUSA,ESPN,ESPN only,ESPN,NCAA leaderboards,NCAA leaderboards,ESPN,NCAA scoreboard aggregation,_conferences.js (NCAA spreadsheet),No,No,No,No,No,
Western Mich.,MAC,ESPN,ESPN only,ESPN,NCAA leaderboards,NCAA leaderboards,ESPN,NCAA scoreboard aggregation,_conferences.js (NCAA spreadsheet),No,No,No,No,No,
Wichita St.,American,ESPN,ESPN only,ESPN,NCAA leaderboards,NCAA leaderboards,ESPN,NCAA scoreboard aggregation,_conferences.js (NCAA spreadsheet),No,No,No,No,No,
Winthrop,Big South,ESPN,ESPN only,ESPN,NCAA leaderboards,NCAA leaderboards,ESPN,NCAA scoreboard aggregation,_conferences.js (NCAA spreadsheet),No,No,No,No,No,
Wisconsin,Big Ten,ESPN,Sidearm API,Sidearm + ESPN,NCAA leaderboards,NCAA leaderboards,Big Ten scraper + ESPN,Big Ten scraper,_conferences.js (NCAA spreadsheet),Yes,No,No,Yes,Yes,
Wofford,SoCon,ESPN,ESPN only,ESPN,NCAA leaderboards,NCAA leaderboards,ESPN,NCAA scoreboard aggregation,_conferences.js (NCAA spreadsheet),No,No,No,No,No,
Yale,Ivy League,ESPN,ESPN only,ESPN,NCAA leaderboards,NCAA leaderboards,ESPN,NCAA scoreboard aggregation,_conferences.js (NCAA spreadsheet),No,No,No,No,No,
Youngstown St.,Horizon,ESPN,ESPN only,ESPN,NCAA leaderboards,NCAA leaderboards,ESPN,NCAA scoreboard aggregation,_conferences.js (NCAA spreadsheet),No,No,No,No,No,
